usuario,sentimiento,comentario
@big.dre.14,,"@esmicafe Que te digo , nutricionista o que ?"
@emi_leiton,,@ariel_sarabia TE AMOOO â¤
@ariel_sarabia,,@emi_leiton tal para cual jajaja â¤ï¸
@emi_leiton,,@ariel_sarabia JAJAJAJA somos perfectos! ğŸ˜‚â¤â¤
@omar_irahola,,Taaaan gozu
@ariel_sarabia,,@emi_leiton JAJAJAJAJAJJAJAJAJA si somos ğŸ˜‚ğŸ˜‚ğŸ˜‚ğŸ˜‚â¤ï¸â¤ï¸â¤ï¸
@pcguille20,,Que lindo tener algo asÃ­ prosor :'3 cuidela
@nehelan_estrada,,@yonatanrissetto najajjajajaja el prosoor
@yonatanrissetto,,@nehelan_estrada no habia cachao esta wea jajajaj
@_xx_a_n_d_y__vixchez__,,@leonel.mr03 tranquilo con. Tu profe
@cristianstlin,,@ntjeef tu crees que a Ã©l le importa eso? Al parecer no conoces al prossor.
@juanja.15,,Pura Kaka xD
@gf.ramirez,,prosorrrrr
@jammes_hawb,,@gabriel.mayurii igualito a coro
@gabriel.mayurii,,@jammes_hawb xd
@current_jojo,,"mi gordito precioso, siempre lo voy admirare. Saludos desde Chile"
@alvaro_fabrizio,,@lilstreet6969 gaaaaa
@maurioptimus,,XDDDDDDDDDDDDDD XDDD ese gordo XD la fregada
@jadiel_off,,Palteao gg
@a_n_g_e_l_l_o,,Como come el profe
@jordanfc_27,,Que rico como el Profe cuando nadie lo graba Jajaj XD Me encanta el final del vÃ­deo cuando se va cuenta que lo estÃ¡n grabando y pone una expresiÃ³n Ãºnica ğŸ˜’ JAJaj XDğŸ¤£
@svadlc,,@valeriarosas217 yo ğŸ˜‚
@polanco_jordan,,@alonso_19_keo ğŸ˜‚ğŸ˜‚ğŸ˜‚ con razÃ³n ta gordito csm
@alonso_20_keo,,@polanco_jordan gozu tu prosor
@maricielolozano7,,@alejo_nero todo lo hago rico mi amor ğŸ˜‚
@alejo_nero,,@maricielolozano7 ojala no lo quemes ğŸ™„
@maricielolozano7,,"@alejo_nero jajaja ya esta bien, pero no te quejes"
@alejo_nero,,@maricielolozano7 jajajajjaja pero que tu me cocines ğŸ™„
@maricielolozano7,,@alejo_nero jajaja pero si siempre comes asi
@alejo_nero,,"@maricielolozano7 si no va ser asi, no quiero nada ğŸ™„"
@maricielolozano7,,@alejo_nero yo tambien ğŸ¥º
@alejo_nero,,@maricielolozano7 quiero ğŸ™„ğŸ·
@leonduidjfj,,Tmr con razon ta gordito profe
@diegochinchaydv,,"Oe marrano, te agarra el Coronavirus y en one te lleva por comer huevadas"
@yafaedhmh,,Ese mi gordito
@jorgeps123,,Tmre prosor
@ntjeef,,pta causa no te da palta que se burlen de ti y encima lo publicas en tu cuenta
@franciscogerlopacogerlo,,JAJAJA
@johan_cruyff987,,Alimentese mÃ¡s te esperan en el horno
@brolyn10,,me dio hambre
@enriqueheydude,,@juan_rojas_19 jajajsjajajajajhahaha
@jaren.and.yalu,,Mucha grasa se van a enfermarrr
@sebastiancarrasco23,,La cara del profe es como de
@francisgames_yt,,ricazo prosor pero cierre la puerta del baÃ±o ptmr!
@mazalizandro,,Ese mi profe todo un macho alfa
@nehelan_estrada,,@yonatanrissetto
@jhereee_,,Mira quiÃ©n habla jaja deja de juzgar bÃºscate una vida conchatumadre
@yoalomar28,,Que rico el arrocito ğŸ‘ŒğŸ™Œ prosor
@sebastian_lg12,,Sa cara prosor
@jonas_lomas,,Ajjajajaja que buenaaa
@nelson.free.19,,jaja ese gordito no para de tragar xd
@miguel_oc21,,"Pobre mi prosor no tiene que comer, le donarÃ© mi bono rural"
@moy_yana,,"Dios mio que asco, pobre chica lo que tiene que aguantar por un par de soles"
@noripmino,,@lupolper calla mongol
@rafaelbarbagelatta99,,JAJAJAJA mi gordo
@milangas_conpure,,@lourdes_falcon95 me encanta ğŸ˜ğŸ˜‚â¤ï¸ğŸ–
@lourdes_falcon95,,@milangas_conpure si bebÃ© re surge la engordacion ğŸ˜ğŸ¤­
@milangas_conpure,,@lourdes_falcon95 Â¿lo hacemos?ğŸ˜â¤ï¸
@edsonyzarra,,Ese mi profe crjo todo un macho alfa tragÃ¡ndose hasta el Ãºltimo arroz
@sander_martn,,Aea kacherraaaaaa
@steven.alberto.07,,XDDD
@antonysd,,@solangemr29
@andres99.fb,,"Profeee sabÃ­a que los que tienen obesidad estÃ¡n mÃ¡s propensos a que el covid-19 se les complique, tmr profee pronto lo verÃ© dando clases pero en el cielo uu'"
@ronaldosalazarpolo,,@monasteriocasas igualitoss
@richardmonasteriocasas,,@ronaldosalazarpolo jhony beltrÃ¡n
@ronaldosalazarpolo,,@monasteriocasas el prosor Smash
@brahian.gc,,que nutritivo prosor
@emerson_h99,,prepara tu queso nomas porque sino iwo de va a parchar gordo
@alejandro_798guis,,Pobre mi profe jjjj ğŸ˜‚
@arom_pasquel159,,â¤ï¸â¤ï¸â¤ï¸
@zaynjans,,Debes darle comidas saludable xd Tanta comida asi por eso sigue gordito v:
@davidparinango,,ğŸ˜‚
@robert_ch141,,Ese posor jaja
@miguelgamboa_17,,@hyolo32 xd
@jean_pier176,,Gracias por las clases estoy llendo para arconte
@jean_pier176,,Profe que lindo come
@shagggyy13324ultaisntino,,Oe gordo no te va dar un ataque corazÃ³n cuidado prosor no come mucho besos en su ptoo GA
@estadoeverest,,Esa canciÃ³n es de hace tiempo como siempre que pena que por tiktok se haga conocida zzz
@josejavie,,@erikrenatovs calla virgen
@sebastian.bravo.33865,,Grande profe ğŸ‘
@aldair.francis.ch.z,,Prosor el dicho dice que si engordas mas chipi seras XD
@allnewcarpacho_98,,"Gordo, ten cuidado con el corazÃ³n. Dile a esa perra que cocine cosas saludables. Saludame porkisorâ¤ï¸"
@elpez.cadito,,Provecho prosor
@gonzalogiovanny,,"Todo bien, pero cuidado con el exceso de grasa, oâ€”o"
@realsonyinsta,,"Menos aceite y mÃ¡s al vapor/hervido amigos, mucho colesterol le meten al prosor :("
@fabian_janpier,,Alguien me sigue en ig me siguen los sigosğŸ˜
@fabian_janpier,,Jajaja ğŸ˜‚ğŸ˜‚ğŸ˜‚
@brayan.a.r.m,,ğŸ¤¤ğŸ¤¤ que delicioso
@nicolas_ap1,,Si sigue asi llegara a 10k pero de kilos
@sir_natzgun,,Un poco de verduras no vendria mal :3
@serpylaredo,,Te da el corona te mata por obeso y grasa en el corazÃ³n cuidado
@frases_for_all7,,Tu vividora eso nomas sabe cocinar por eso te tiene como un puerquito
@luisangelespinozafarfan,,"Que rico come prosor, pero dÃ©jese de huebadas ps, como se va a querer comer el plato"
@granosagrado,,@hasmine96
@cristhianaguilar32,,Jjajja
@aaron_dota2,,JAJAJAJAJAJAJ que buena ğŸ˜‚
@noelia_jalea,,ğŸ˜‚ğŸ˜‚ğŸ˜‚ğŸ˜‚
@rossmery.cc,,@jescobar2797 jajaj yo tmb espero lo mismo ğŸ˜‚
@jsescobar27,,@rossmerycc1 no pido mÃ¡s
@lavecinitaconsusantojos,,mucha grasa lo va a matar prosorÂ¡Â¡Â¡
@clever.calle.berrocal,,ğŸ˜‚ ese pro
@pinvel_hina,,Ese mi gordito â¤ï¸â¤ï¸
@nielsharo,,Que rico se ve mi prosor ğŸ”¥ xd
@dani_bonux,,"Que bien come prosor, mucha suerte en esta cuarentena"
@uwill.camero,,Esta mas gordo que de costumbre
@oldchicken96,,Profe piense en su silla
@joaquindelsur,,profe lo veo con mas kilos de amor ! grande ogresor
@omar.munaylla,,PROSOOOOOOOR ERES MI IDOLO ESPERO JUGARE UNO VS UNO SOY HERLADITO PERO LA HUMILDAD UU ERES MI PROSOR <3
@deishslergamarra,,Cuando no el prosor smash ğŸ˜†ğŸ¤£
@lupolper,,"Ami me parece, que uno es libre y al profe se le ve tierno y alos que lo joden, los meto preso csmr"
@rodrigocastro23,,"Oe prosor y la guia, ptmr :("
@carlomarcelocusihuaman,,Papi fÃ¡cil al siguiente aÃ±o ya no estÃ¡s con nosotros.ğŸ˜¢
@alexavaldiviaramos,,@elardquiroz aprende a picar las papas si?
@elardquiroz,,@alexavaldiviaramos asÃ­ quiero que me hagas
@karen.pastor1,,@gabrielquilca ğŸ¤­ğŸ˜…
@yulian.herenciasanchez,,Que rico ğŸ¤¤ se come mi profe â¤ï¸
@lsperalta_581_,,Gordo de mierda ojala y te mueras ctm
@danny_filths,,@aguilarhs dios te escuche
@stivenzeek,,Bien hay prosor !!!
@marcoantonio7406,,sÃ­ esa perra realmente te quisiese nunca te darÃ­a de comer asÃ­.
@kensemillaes,,@erikrenatovs jaja uno se preocupa x su salud sino muere x paro serÃ¡ por coronavirus ğŸ·ğŸ·
@kensemillaes,,"Profe proteja su salud lo veo mas gordito que antes, vi un video de usted y ya se le ve mas grande. AsÃ­ va a parecer el papa de antonella"
@luismartz96,,"No puedo creer que uno se ponga feliz por ver a alguien feliz, Ã©xitos smash ğŸ™Œ"
@brayan_v9,,Jejejje
@jhon_123_vida,,Cocinale algo a tu pareja esta muy gordito y le das fritura tas mal ee
@garat_arteaga,,@kevin_jorge23 ğŸ¤£ğŸ¤£ ahora todo tiene sentido ğŸ¤£ğŸ”¥
@palominomlm,,Profe coles huevadas jaja ğŸ¤£
@guspxndx69,,Yo que su flaca a diaria le plantÃ³ un lechuga por la boca
@alesscaldas,,@milenaaranibar uwu
@ricardoespinoza28,,Gordo pero feliz
@kevin_jorge23,,@araely_arteaga conoce a mi prosorâ¤ï¸
@victorodrigo7,,@juanluis070516 si pero a comparaciÃ³n de su salchipapÃ³n con dos huevazos fritos y una guarniciÃ³n de arroz lo recontra supera ğŸ¤¤ğŸ˜„
@louistacuriquispe,,Ese profeğŸ‘ saludos ğŸ˜
@juanluis070516,,@victorodrigo7 Oe el atÃºn es gossu mano :'v
@jhonfrankx28,,"Prosor, Anto te quiere matar al darte de tragar todo eso, te esta viendo que estÃ¡s hecho un cerdo y te quiere matar de colesterol o paro cardÃ­aco por tanta grasa."
@sander940549885345,,tmr gordo cuida el coraZon weon despues no te quiero ver cuando te falte el aire
@diego_saira,,Ese prosor no me lo engordes xd
@andres_wpp,,Gaaaaaaa!!!
@guillermocc595,,"@aguilarhs jajajajajajaja en pleno stream :""v"
@noripmino,,@jeff_livisi queeee ese no llega ni a las 34
@noripmino,,date cuenta te quiere matar de un paro cardiaco ğŸ˜¢
@amdrewsaavedra,,ğŸ˜‚ğŸ˜‚ğŸ˜‚ğŸ˜‚ğŸ˜‚ğŸ˜‚ğŸ˜‚
@dorly_9,,Riko ğŸ™Œ
@franc.sole,,Jajajajaja tmr gordo ten un poco de pudor
@tomura_pain,,Por eso estÃ¡ asÃ­ se gordo prosor xD
@edgard_acuna_,,Jajajaja que rico se ve ğŸ˜‹
@fgmick,,Jajajaja ğŸ¤£ğŸ¤£ğŸ¤£ğŸ˜‚ğŸ˜‚
@jhaz_hv,,@enrique.farfanz jajaja esta bien mi vida â¤ğŸ˜…ğŸ˜…
@ang_lugo,,ya
@jhonamelgarejo,,Jaja falta afrecho y queda
@ever.avalosc,,Profe tome conciencia casa vez lo veo mÃ¡s gordito ğŸ˜£ eso no es saludable para usteed
@miguelssj12,,"Que belleza, y no me referÃ­a a la comida"
@gusfreyz,,"Reportense los que llevan 3 dias comiendo arroz con atun :""v"
@maxpower9684,,"Ese prosor dice siempre que a a ir al gym, pero siempre pone escusas"
@danielmorales_kenichy,,Profe dese cuenta lo quiere engordar.
@shitopmarvin,,pura grasa como este gordo csm jajajajajajağŸ˜‚
@elvis_acf,,Gordisor
@gahotmon,,@netooroodrigues rsrs
@piero.casas.3,,@anthonnycasas.c
@erick_jimenez_07_,,la gente te quiere prosor sigan adelante no dejen que los malos comentarios de esos sin cerebro malogre lo que construyeron bendiciones y siga adelante prosor hacen una bonita pareja y son un ejemplo para muchos ... cuidense
@netooroodrigues,,@brunoarants
@hvis_liset_tar_oss,,ğŸ™ŒğŸ‘
@alexxcsx,,Xddd
@g.gonzales142,,Cuidado diabeticosor ğŸ˜¥
@imbaquingoisrael,,Y yo muriendo me de hambre
@wilo.ml,,"Prosor en cuestiÃ³n a salud alimenticia usted es heraldo, a este paso se le complicarÃ¡ la salud prosor."
@ivan_ssj_b6,,@richardllican dejalo p ctmre ta redi profe come nomas
@enrique.farfanz,,"@jhaz_hv si lo preparas tu, me como hasta el plato como el profe cariÃ±o â¤ï¸ğŸ˜‚"
@jhaz_hv,,@enrique.farfanz claro que si mi vida â¤ğŸ¤­
@davidcamilobj,,Que suerte tienen los que no se baÃ±an... :v
@enrique.farfanz,,@jhaz_hv tenemos que darnos ese gusto como el profe jaja
@kevinbarrenop,,ğŸ˜‚ğŸ˜‚ğŸ˜‚ğŸ˜‚ğŸ˜‚
@jhon_riotorr,,@aguilarhs eso es lo que quiete antonella y ella quedarse con sus pertenencias
@dardan_hv,,"jajaaj ese Freddy xD, saludos"
@junior_tucrush,,XD
@diegoivan_medina,,Pprq comÃ­a asÃ­ ajajjaa
@rnzo.jpg,,@iamjpierd
@renato.salas,,@aguilarhs JAJAJA
@samuel_g.ll,,X3
@samuel_g.ll,,Epico final <3
@andres_hinstrza,,322
@huayllasjose,,Este cochinito morira de un paro cardÃ­aco o de diabetes ğŸ˜¢
@ttvdani,,Jajajaja ğŸ˜º
@kliver_cordova,,Cerdo
@lucasmpeee,,@alejandracy08 porfis:(((
@aquiles.dh.extremo,,Asu que bien se alimenta smash con 2 platos de arroz con huevito y su porciÃ³n de salchipapas
@alejandracy08,,@lucas_mp_01 cuando vengas:'( te lo prometo mi amor
@adans_charlie,,Con razÃ³n estas hecho un chanco cuida tu salud gordo apestoso
@lucasmpeee,,@alejandracy08 :(
@_karenrobledo__,,Prosor cuide su salud D:
@ronaldomarquinarivera,,Prosor quiero ver mÃ¡s guÃ­as coma mÃ¡s saludable ğŸ™„
@ammar_aaron,,ğŸ˜ğŸ˜ğŸ˜‚ğŸ˜‚
@joeltorresrosales,,Tmr ya quieren matar a mi profe csm ğŸ˜¢ğŸ˜¢
@valentinoumbert,,Oe no te cansas de tragar?ğŸ”¥
@gg_nwe,,"Igual sigue es baneado, gordo baboso"
@sr.philosopher,,"Profe que rico come, pero, quiero verlo vivo unas dÃ©cadas mÃ¡s."
@alwayswannafly.ar,,@fredmercury78 usa shazam :v
@lagunapaisito,,Jajajajajajaja mi prosor al fin lo sigo en Instagram saludos
@renato.raymundo,,Ese profe la cagada
@jhosep1506,,Jajaja ese prosor XD @renzo_egoavil_cori
@dirtyoldman_98,,"Prosor que pasÃ³ con la dieta, pasÃ³ de ser ogre a pudge despuÃ©s de empujarse esa mierda"
@jhoncarlospacompia,,ğŸ˜‚
@aldo.qui,,Prosor ya te perdimos ğŸ˜¿
@pedro_luza,,ğŸ˜‚
@l_u_x_x.246,,@allison_zumaeta12 jajsja cuando todo acabe engordaremos jzjzjz xdâ¤ï¸
@elias.22.vm,,Gordito te ves bien prosor ğŸ¤¤
@allison_zg15,,@lucasm2348 haces antojar vâ€:
@l_u_x_x.246,,@allison_zumaeta12 somos? ğŸ˜‚â¤ï¸
@b16r5d,,The best end xd
@victorodrigo7,,"@erikrenatovs tienes razÃ³n, ya se me acabÃ³ la plata y ando comiendo puro arroz con huevo o atÃºn :("
@stevecooyworld,,Puro carbo si ya esta obeso y le das mÃ¡s grasa. Lo vas a matar :b
@johnagonza,,Cuidado con la colesterol profe
@jhairgamarraespinoza,,No se si estar feliz por el profe o preocupado por su futura muerte :(
@bracderi27,,Ajajja no hay nada mejor que comer con la persona que te quiere
@rolo1015,,lo noto mas flaco nose porque
@mariano.ldz,,@richardllican jjajajaja q hdp
@kevinmercado_mcd,,JAJAJA EXITOS PROFEEEE
@alvarolopezvillaverde,,"Pobre prosor, antonela sÃ³lo le cocina chatarra pa q ya muere y ella se quede con la plata :c"
@fredvime_rimei,,Que asco pobre prosora... De acÃ¡ a un aÃ±o lo dejara ya todos sabemos como va a terminar esto
@noestq,,Profe dicen que los obesos mueren primero:( nooooo
@rafaelwilbert.__,,Que envidia prosor
@percycardenastomas,,Lo Ãºnico que cocinan comida basura
@victormorachimo,,@hi_keert x2
@home.basic,,Ya estÃ¡ muerto xd
@espinozaggg,,"Con razÃ³n ese fÃ­sico, deberÃ­as cuidarte mÃ¡s y hacer bastante dieta y ejercicios"
@v1ct0r_d,,Me llena d orgullo ğŸ˜
@rn.antezana,,@tomasedisonac como come papi
@kevb20,,"Y su flaca, ni un comentario...hahahahhahahaha"
@davidra90,,Ala mierda .. y en la noche. Creo que no habrÃ¡ Smash para rato xD
@nordvasquez,,Ag
@danielgutierrez4044,,@j_reategui.yacila si lo hice seÃ±or
@homeless_e.koah,,Me alegrÃ³ el dÃ­a esta vaina xdddddd
@sthivenuvidia,,ğŸ˜‚ğŸ˜‚
@j_reategui.yacila,,@danielgutierrez4044 te olvidaste mencionarme el arroz. SeÃ±or peruano
@wlozada4,,Lo veo flaquito
@anthonn.melo,,jajaja kgd de risa ... SAL2 PRFE
@fernandopc.22.07,,Se viene el infarto en mayo gente
@cristianluisgriezman,,Jaja pobre corazÃ³n ...
@dukissjsalada,,ğŸ‘
@angelollanosgaray,,jajajajjaa
@yanatorresyandari,,Interes
@luisin_edu_bob,,â¤ï¸
@horus666xd,,aaaa mis arterias
@alvaro.n.sanchez,,Oe no durÃ³ nada la comida en tu plato
@ccamero88,,ğŸ˜‚ğŸ˜‚ğŸ˜‚ ni el Pudge come asÃ­
@bryan.tascca.mallqui,,"cuÃ­date smash no seas webon, pura comida chatarra comes en tus post."
@josh.jimenz,,Pusha profesor deberÃ­a cuidarse le va dar una diabetes
@giraldocarlo,,@seulcat chiiiiiiiiiiiii ğŸ˜»ğŸ˜»ğŸ˜»ğŸ˜»ğŸ˜»
@poeta_libre22,,Gordo hdp
@zhu_027,,"Prosor ustedes si arrasa con la comida, cuide su salud Prosor ğŸ˜¢"
@seulcat,,@giraldocarlo asÃ­ nosotros bebÃ© ğŸ¤­
@dotahidrosdidi1,,Que rica cintura profe
@huataysalazar,,"A PERO EN THUNDER , ARROZ CON HUEVO AGGGG XDXDXD OK NO v:"
@flavioregalado1,,jajaja pinchi gordo XD
@manu_alvarez.al,,Papisoooor â¤ï¸
@hello_miaus,,"Ala mi#@* prosor, todo eso cabe en su barriguita. Pobre trono"
@dproberth,,Guapo el profe tmr xD
@blacksmith.ind,,@aaron_bandicoot causa ya estoy 73 kg despuÃ©s de casi 4 meses
@anderson_porras2000,,Chale y pensar que io como mÃ¡s rico que smash ::v
@diego_alvites,,@majo_zelaya jajajaa siiiu
@aaron_bandicoot,,"@blacksmith.ind si sigues siendo un oink, pelado pero oink."
@yareit_vargas,,@marioadalberto1322 q chevere tu chiste escucha como te aplaudo desde el cuarto de tu vieja
@david_duort,,Jajajaja cague de risa en one
@majo_zelaya,,@diego_alvites maÃ±ana me vas a cocinar asÃ­ ğŸ˜›
@diego_alvites,,@majo_zelaya cocÃ­name pls
@marioadalberto1322,,@alexanderdaprack y que ago yo??? Te aplaudo con las nalgas de tu vieja o que??
@marcos_cz_cr,,jajajajaja Ã©pico final
@yareit_vargas,,@marioadalberto1322 yo dije eso
@arghalye,,@greciarodricor5111 :'(
@roxana.siris,,@jake.wlkrs xd
@leonardoz_97,,"alimentate bienn oe smasho oe noc omas tanta basura come verduras, frutas y si tienes hambre come tuberculos camote, yuca, menestras esa nota te va a llenar."
@diez._.diez10,,Por eso estÃ¡s asÃ­ manazoğŸ¤®
@daniel_alvarado_19,,CÃ³mo come ese prosor le faltan dientes xD
@j_dylan22,,"aprovechen las Ãºltimas guÃ­as, mira ni una sola verdura ğŸ˜¢ lo estÃ¡ matando al prosor"
@daniel_alvarado_19,,@erikrenatovs sabes cuanto cuesta el kilo de lentejas v:
@cristofer__nill,,@cesarjesus23
@j.xboz.lml.66,,La cagada grodo smash
@jeremycieza17,,Jajajajajajaj eres bien feo csm ğŸ˜‚ğŸ˜‚ğŸ˜‚
@erick.pgfusito,,Jajajajja ese profe jajajja
@jezaik.fn,,K rico tragas gordo chupa gampi gaaaas
@angelo_salizar_huaman,,Papasito
@apazagalindo,,ğŸ”¥ğŸ”¥ por las puras no tienes ese cuerpo de fisicoculturista no prosor ... ğŸ”¥ğŸ”¥ğŸ‘ğŸ‘ğŸ‘ğŸ‘ gordo come nutritivo ya no podrÃ¡s levantarte despuÃ©s de tu silla ah..
@dannyjhonhgf,,das asco gordo
@lb.miguel,,DespuÃ©s no te quejes de tu hÃ­gado csm
@ricardoyayavasquez,,@marlon.zerep pero morirÃ¡n feliz ğŸ˜‰
@henry.zeto,,Prosor le dije que coma en su plato de cemento porque desobedece. No lo quiero capar aÃºn :(
@eveeholi,,Se ve agradecido v:
@andrew_yepez.b,,Verlo feliz profeğŸ˜ eso llena el corazoncitoğŸ˜Œ
@jheysonae,,Papi smash no quiero que te valla dar un paro cardiaco o respiratorio
@lucciano.motta,,Son un amor uwu
@jose_n122,,Asi moriras rrapido comiendo comida chatarra bro
@el.amoroso_san_sebastian,,"Ptmr,esta huevona lo esta matando poco a poco con comida chatarra,un dÃ­a se va a parar de la pc y le va a dar paro cardiaco csmr,anda dale una zanahoria y que haga cardio,no seas cagona csmr."
@el.amoroso_san_sebastian,,"@erikrenatovs calla cpp,ptmr como chicha vas a llamar eso comida saludable,veo tu foto de perfil y eres un gordo que esta echo de comida chatarra,anda agarra una zanahoria y has cardio en tu casa gordo obeso,aggg mrd"
@mxfrnndz7,,"Eso come mas gordito , te moriras de diabetes y coresterol, y ahi estara Antob para heredar todito gaaaa xd"
@elefrainpk,,"Prosor deveria cuidar su dieta, no quiero que le pase algo malo :((((("
@thi4go_18,,"No coma esas cosas prosor, porfas, le quiero ver mas aÃ±os enseÃ±ando a mierdas. Salu2"
@junior.mv00,,Que romÃ¡ntico el prosor
@mika_chibi,,Si lo amaras de verdad le harÃ­as hacer dieta ğŸ¤¦â€â™€ï¸
@_pedrorios_ca,,Gozuu profe gozuu profe
@david_arttv5,,ese prosor se paso a ahahha ese mi prosor
@elpelaoarevalo,,el lagarto de la abuela
@adrianloppp,,@missa_21a JAJAAJAJAJAJA nuestro smash
@sergio_junior_skere,,Tmr el profe' bn happy chicas asi no hay :3
@lilstreet6969,,@joseandres0200 mano que suerte tiene ese csmr
@raspadilla_de_limon,,Road infarto
@jara.jefferson,,pura grasa comen :v tmr prosor
@gabrielgomezledezma,,Profe usted ya esta gordo no haga antojar pe hay algunos q comen pura quinua y huevo tmr
@_jackrubio,,@arbietominaya XDDDDD
@brauliopalus,,@victor.huertas18 se va a morir ese wbn
@iverowsla,,yo.soy.igual.:D
@cohello_123,,Deja de comer grasa te vas a morir lokito:'(
@stonecold292,,JAJAJ PTMR ASI LO QUIERE MATAR Y QUIERE QUEDARSE CON TODO TMR NOOOOOOOOOOOOO !!! AUN TENGO QVER EL DESBANN
@darch_97,,CÃ³mo debe ser profe
@emma____nuel,,Por eso estÃ¡s como pelota gordo trolaso ğŸ˜˜ğŸ˜˜ğŸ˜˜
@missa_21a,,@adrian_lopez_29 ğŸ˜‚
@brenda_cartagena_,,@johntorrico asÃ­ te quiero ver limpiando el plato xdddd
@joe_spp,,Con razÃ³n tas gordito prosor xd
@nnohj,,Ajajjajaja prosor cn calma XD
@johntorrico,,@brenda_cartagena_ ğŸ˜‚â¤ï¸ si no es asÃ­ no quiero nada xd
@deyverh,,Mi prosor casi se come el plato xd ğŸ˜‚
@paulobregont,,"Creo que ya le hace falta una banda gastrica, estÃ¡ demasiado Gordo sin ser malo.. eso no es bueno para su salud"
@gudielpalomino,,"El corona mata a los obesos, cuidate smash no es joda."
@alan.rodriguez02,,Ese gordito se quiere comer. Hasta el plato jajaja
@cesarmdrk,,ğŸ˜‚ğŸ˜‚ğŸ˜‚
@alexiz_pa,,Veo que no le importa la salud de smash bueno sigan felices :)
@andrealexander.ve,,Su corazÃ³n se lo agradece
@le0nard_pinneda,,"Profe, el plato no es comestible"
@josef4233948,,ğŸ˜‚
@josue77702,,Rico prosor pero pÃ³ngale verdura a su dieta pe v:
@gabrielrodrigo39,,Hahahaha hasta un cerdo se alimenta bien por que le dan puras verduras
@sanchez_sg.0,,Cabeza de pelota de globo come rico
@fab1an.22,,"A la firme el profe debe meterse su real dieta ests muy obeso, ya deberia hacerlo es por su bien"
@pokor13,,A este paso anto se asegura su futuro csmr
@iki.d.piscis,,Bien jugado profe
@sebas_32212,,"encima dos huevos se pone el gordo, nada de amor propio"
@rfigueroasilva,,@estephaneramirez jajajaja paro comiendoğŸ˜
@luisyapoch,,Y uno acÃ¡ comiendo mocos :'v... YA BASTA FREEZER! ğŸ˜…
@rickgq4,,Prosor casi se come el plato
@croissant_zzzz,,Ese gordo hahdhsa
@c3s4rd3nni5,,"Ta que anto nomas come verduras prosor,ta que el prosor no hace lo mismoxd"
@marlon.zerep,,@erikrenatovs las personas pueden morir por comer siempre ese tipo de comida sabes
@davidzila98,,Prosor si usted es feliz yo soy feliz ..
@josue.19.89,,Jejejejeje prosooor su cara es Ãºnica jejejejeje
@kazle12,,Mi proshor asÃ­ no llegarÃ¡s ni alos 40 amor propio proshor
@ricardocafri,,â¤ï¸
@felixescalanteh,,Salchipapa con arroz?
@franchescodelavega1,,Estas mÃ¡s chancadaso Fredy Machaca ğŸ˜‚
@neewo30,,Que gosu profe :v
@jhanfrancohr1,,Chucha fue :v
@enriqueparratito,,@jo_am05
@angel.roman.v,,No caguen la song p :'v
@j0rdan.g.m,,Agg jajaja mrda
@jeferabelquispe,,ğŸ¤£ğŸ¤£ğŸ¤£
@carlosmatta22,,EnseÃ±enle a comer a su prosor ps amiguitos ğŸ˜® %
@edgar_jordy17,,"Cuide su dieta Prosor, no se nos vaya a ir temprano ğŸ˜¢"
@el_solyyy,,Gordo asqueroso
@jairo__ayalap,,Con razonnnn estas hecho un pigtekaaaaa..... debes tomar agua y ensaladaaa sino el covid te va matarr
@deivis1706,,Alguien sabe como se llama la musica ?
@grisel_mireya2.0,,Ya me dio hambre x'd
@luissoana,,Provecho prosor
@angie891,,@angelotorreslopez8 ahÃ­ falta su plÃ¡tano frito ğŸ¤¤
@kj_kevin11,,Que lindo.
@fredmercury78,,"@juan_izall Gracias brother, lo mÃ¡ximo!"
@ivantarno,,"anda a revisarte el Ã¡cido Ãºrico prosor, por las dudas"
@petter.perez.5283,,"Smash te estimo, pero come bonito... Dejas mal parado a los gorditos"
@luisvalverde_blas,,Bueno quisas eres feliz o quisas lo pienses asi. Tienes que cuidar tu salud bro nadie te motiva a llevar otro ritmo de vida xq ahi se ve quien te aprecia pero toma la iniciativas pronto te trae consecuencia de comer mucho y despues sera tarde. Animo
@jackgod12,,Estas a dieta prosor ? comes muy poquito
@ximenafernandavalera,,@sebitas.bitas Jajjaja omg amor ğŸ·ğŸ˜ğŸ¥°
@danielnarvaez30,,Dale mas verduras al prosor jaja lo estas matando dale comida sana haz historias en las que el prosor estÃ© haciendo ejercicio saludos ğŸ‘‹
@joel_bustillos9,,"Tmr pudgesor, come algo mÃ¡s nutritivo. Buenas vibras ğŸ¤™"
@tomasromeroalar,,"Prosot, te quieren matar..."
@brandmatos,,Para conservar la figura... De bidÃ³n! XD
@davidskulls,,@richardllican jajajjaa
@kevinmachado_3,,Ala ese gordito como lo alimentan bien ahi prosor ğŸ‘
@carlospalominolopez,,@richardllican esta con hambre xD
@parejastumb,,No perdona xd
@sebasdiar,,Profesor sabes que te quiero como mrd pero si sigues tragando ese tipo de platos vas a terminar en el programa reto de la balanza del dr. Olaya
@wilfreolivos,,Jajaja ampay!
@k.pilcotintaya,,@fredmercury78 powfu
@sebitas.bitas,,@ximenafernandavalera asi te haria xD
@migue87galarza,,"Asu Prosor eres persona de mega super hiper alto riesgo, ni salgas x la ventana jajajaja"
@josueaduvire,,Prosoor cuide su salud lo queremos xdd
@jossnblas,,Buena ğŸ·sor
@a_unknowlover,,Ese mi prosor
@tnynca,,le va a dar diabetes a nuestro prosoooor
@lucianoprod,,Invite a cenar prosor ğŸ˜¢
@juan.quikingx,,Si el profe es feliz yo tmb soy feliz :(
@huaynatecampos,,Pura fritura comen xD
@pacman_triste,,Prosor soy su hermanaso perdido pagame la pensiÃ³n pe
@fr4nklin.ezpinoza,,ese profe <3 :c
@fredy10812081,,Le quieres matar a mi prosor no xD
@victor.huertas18,,@brauliopalus
@osmar20212223,,Ese chanchosor xdd
@marielteezy,,@dantzstorm anto quiere matar al prosor para quedarse con su plata ğŸ˜”
@wilson_r.guerra,,@richardllican para mas placer >::v Xd
@alfons9111,,"Sin Ã¡nimo de joda smash , comes pura porquerÃ­a, te digo ya un tiempo y siempre en tusbhistorias veo que comes tonterÃ­as , no te quieres creo yo , ahora no te pasarÃ¡ nada pero en unos aÃ±os mÃ¡s, verÃ¡s las consecuencias"
@marcoantonio_gp,,Jajaja ese smash ğŸ˜‚ cualquier rato le darÃ¡ un infarto.
@jesusjddxd,,Deja de comer como cerdo que puedes sufrir de un paro cardÃ­aco
@caraxoman,,Pokita hambre ğŸ˜‚ğŸ˜‹ğŸ˜‹ğŸ˜‚
@benyimon_66625,,Lo importante es que esta feliz CSMRğŸ‘â¤ï¸
@angelotorreslopez8,,@angie891 uwu asÃ­ me vas a servir ?
@johncast18,,ğŸ˜‚ğŸ˜‚ğŸ”¥
@yordy_ghif,,Profe coma verduras estÃ¡ muy farmeado
@aldairlaban,,Vas a morir joven
@migueliusyo,,Come Un poco mas sano prosor...con tu colesterol alto puedes hacer gg rapido con el covid.
@peligrotapia,,"@david_silv13 mÃ¡s en estos tiempos Bro, no es malo lavarlo con la lengÃ¼ita verdad? ğŸ˜¢"
@peligrotapia,,Jajajajjajajajajjajajaajjajajajajajajajajajajajajajajajajajajjjaajjajajjajajajajjajajajajajaja
@iamdiegosalguero,,Orgulloso de ti gordito! ğŸ™ŒğŸ”¥
@leonardo_cm97,,"Profe ayer no te conectaste y estuve viendo el stream del patosor, mira las webadas que me haces hacer ğŸ˜"
@ezcobar95,,Jajaja ese prosor
@noehugo.24,,Coma bien profe que ese ranket no se sube solo
@jose_luisxt,,Pero en thunder era otra cosa xd
@jhonatan.villanueva.94,,Agg mrd ğŸ˜¢ğŸ˜¢
@steve.kshing,,ğŸ¤£ğŸ¤£ğŸ¤£ğŸ™ŒğŸ™Œ
@estephaneramirez,,@rfigueroasilva te pareces al prosor... ğŸ¤—ğŸ¤—ğŸ¤—
@flavio0205,,@alonso.bautista Ajjajajja JAJAJJAJAJAJJAJAJJA. Xsmr
@arielcavero,,"A la mierda con es gordo , pura grasa , no va a esperar que le de un paro y ahÃ­ quede"
@romarc222_e,,Suave rinoceronte
@jeff_livisi,,"Cuida tu alimentaciÃ³n smash, con tu estilo de vida llegaras a los 45 aÃ±os."
@eduardo_07_12,,Que rico porkisor xd
@realuisz,,Oe la ensalada y las cremas un balance de alimentos p profe report nomas
@chok_jch,,Gordito hermoso
@jimjamshee,,"Si prosor ya se, usted quiere engordar a anto para que nadie se fije en ella y que nunca se vaya de su lado :) yalasa con esa tÃ©cnica namas wa decir"
@blacksmith.ind,,@smash_sama te sigo de hace muchos aÃ±os pero cambia tu alimentaciÃ³n yo tambiÃ©n tuve un sobrepeso que destruyÃ³ mi vida
@_f.chambi_,,Yo le quiero comer a usted profe
@mkr1380,,Tmre ğŸ˜‚ğŸ˜‚ğŸ˜‚
@angel_chingana,,Mi gordito beio â¤ï¸
@rivasvinajoel,,SMASH TE VAS A MORIR PERRRO MUCHA GRASAA
@gonzalesmanu_,,"Gozu mi profe conchasumare, no se olvide de al menos ingerir frutas como mandarina, naranjas, uvas, etc. Saludos profe y lÃ¡vese bien las manosğŸ’—âœŒğŸ»"
@willychuss,,Jaja
@liquid.miracle.ryouta_x,,"Profe. No se pase pue una cosa es darse sus gustos pero tiene que cuidar su salud :c, a este paso no se que espera, cuÃ­dese profe que lo queremos muchos aÃ±os mÃ¡s."
@lochita98,,ğŸ˜ğŸ˜ğŸ˜ğŸ˜ğŸ˜
@bruno_ab19,,@arbietominaya xD
@arturo.valderramab,,ğŸ˜‚ğŸ˜‚ğŸ˜‚ğŸ˜‚
@joe_abrahamyz,,Pero vaya que perjudica la salud
@abnner124,,Como no va a estar rico profe si Anto lo hace con amor para usted ğŸ˜ el plato no se come ğŸ¤­
@mauricio.nm,,Prosor por eso esta gordito
@christian.lozadague,,ğŸ˜‚
@haruko_dota2,,Provecho mi prosor @smash_sama
@in.natto,,Jajajaja los genes dotero siempre sobresaliendo ğŸ˜‚ğŸ”¥
@adrian_porihuela,,ese gordo come grasa todos los dias. Ya lo veo con una enfermedad
@the_silvau.u,,@erikrenatovs se va a morir el gordo oe gil por eso sus ratas estan que le aconsejan
@the_silvau.u,,Pura grasa prosor pa cuando el paro cardiaco
@antonio_mory,,Todo el dÃ­a tragas mrd gordo rctm
@xoei.0,,Con razon esta hecho un cerdo
@jeancarlo.miranda_,,Jajajajjaa de razÃ³n estÃ¡ tan gordo
@jarccris,,@iamjoshuagg que rico lo presumen al prosor csm )';
@luuuiseduardo,,Profe coma sano pe ptmre quiero seguir viendo sus guÃ­as ğŸ™ˆ
@willmotormahut,,"Pta loco no lllegas ni a 40 tragando eso , metele huevos y come sano weÃ³n."
@marcofarrocastillo,,Prosor el plato nooo!!! ğŸ˜¢.. Carajo me sale lÃ¡grima viendo a mi Prosor feliz... Pero a comer saludablemente sino se nos va ir.. El Prosor.. Y la prosora.. Saludos desde Trujillo
@eldani982,,"Ese prosor sÃ­ sabe, ya dÃ©jenlo que el plato no se come solo"
@martin_bet0,,Se ve ricoğŸ¤·â€â™‚ï¸
@vl.anders,,JAJAJAJAJAJAJAJA CSM
@marioadalberto1322,,La Antonella te estÃ¡ engordando para quedarse con tu plata
@marioadalberto1322,,"Prof ala casi todos nos preocupamos por tu salud, porf has ejercicio no te los vallas a ir por un paro cardÃ­aco"
@diegocastillo182,,Profe me lo quiere engordar mÃ¡s 0:
@kurkito19,,Prosor no olvide hacer ejercicio.
@maugoaris,,"Profe coma mÃ¡s sano, cualquier dÃ­a le puede dar un paro cardÃ­aco"
@felixkerary,,Si usted es feliz yo soy feliz prosor
@gabrielquilca,,@karen.pastor1
@edson_merida_gutierrez,,Esta hecha una ballena y sigue comiendo frito...y antonella queriendo ganar carisma con su figura porque no ve belleza o respeto con la persona que duermeğŸ˜‚ğŸ˜‚
@josuemalqdela,,Almuerzo de campeones
@arbietominaya,,"Por la webas es no llegas a los 35, trage y trage graasaa AG mhierda"
@luca149810,,Se viene el #infartoenmarzo
@erikrenatovs,,"Tanto lo joden al profe xd dÃ©jenlo comer rico, que a ustedes no les alcanze ni para la jamonada es su problema, coman sus lentejas pobres of shit :v"
@herreraalphonse,,Se imaginan el dia que lo dejen al gordo.... Este webon se mata...
@reymii3163,,ğŸ˜‚
@nelzon.lope,,Prosor cuide la vesÃ­cula Saludos d tacnaaa
@alejo.ml20,,Y las menestras prosor?
@pastel_mmm,,"Prosor no coma mucho, ya estÃ¡ muy gordito :,("
@esmicafe,,Que mala combinaciÃ³n de carbohidratos y grasas profe.. cuÃ­dese un poco mÃ¡s:(
@daviidhuarcayavilla,,"Prosor tenga cuidado con el colesterol, coma mÃ¡s sano ps xd"
@rob.a.g26,,Gordo y tragando mÃ¡s grasa gg vas a matar al prosor ğŸ˜¢
@juandiegods3_,,@adolla.burst_ death bed
@juandiegods3_,,@fredmercury78 death bed
@ermuvis,,"Prosor dendi una vez dijo que si mantienes buena salud y alimentaciÃ³n llegas a top 1 y ti player, es hora profe ya es hora..."
@fredmercury78,,Nombre de la cancion por favor? la busco por meses ğŸ˜¢
@franborrelli26,,"Provecho pero tmb mÃ©tale al treno profe , no descuide su salud"
@andershon_ss,,Prosor ya no le va entrar la correa
@kamamarko,,El plagio del plato
@miniyandar_,,Pobre panza
@miniyandar_,,Dale verduras s ese smash
@miniyandar_,,Esta gordo smash
@leao_cristopher,,De grande quiero ser como ustd prosor
@adolla.burst_,,Nombre del temaa?
@david_silv13,,"Yo tambiÃ©n hago eso, NO SE DESPERDICIA NADA BRO"
@withfeellove,,ğŸ˜®ğŸ˜ğŸ˜‚ğŸ˜¢
@yolodroid,,"La gente te quiere bro, y tu pequeÃ±a familia, los tuyos tambiÃ©n; en esta pandemia, sigan cuidÃ¡ndose y sobre todo coman rico y saludable. Que la cocina sea un laboratorio de sana costumbres. Saludos man."
@aguilarhs,,Alguin dia cuando se levante de su PC le dara un paro cardiaco
@keertcisneros,,No se porque pero me alegro siempre que lo veo bien ğŸ˜¢ğŸ‘
@u.u.sebastian.u.u,,A la pobre colesterol
@brayanroldan82,,Todo el dia comes ctmre
@angeluchuya_01,,Provecho prosorğŸ™†ğŸ½â€â™‚ï¸ y mucha suerte en sus rankeds
@bryan18s,,JAJAJA Se va comer el plato prosoooor
@richardllican,,El plato no se come prosorğŸ˜’
@favarooooo,,Aea
@christhian.dm,,Recontra provecho profeeeeeeğŸ˜‚